customer_id,customer_name,total_revenue
93297,Susan Griffin,598609852.6999986
39277,Katherine Larson Md,148865496.6900003
94671,Lori Dominguez,90231831.66000013
50819,Michelle Davis,86616738.56999981
22076,Robert Randall,85420508.12000006
12412,William Black Jr.,84165749.78999986
58317,Katherine Wu,75536173.4400001
440,Jenna Shea,61906639.63000001
27751,James Sloan,61702589.17999998
95553,Carol Griffin,56343304.60999995
